alpha_deg,case,n_sensors,n_times,n_scalar,objective,objective_per_scalar,residual_rms,worker
20.0,Ns1,1,5,10,2.7163995048594445,0.27163995048594447,0.737075234268449,1
20.0,Ns2,2,5,20,4.4734917636794735,0.22367458818397368,0.668841667637377,1
20.0,Ns3,3,5,30,7.189891268538918,0.2396630422846306,0.6923337956284246,1
20.0,Ns5,5,5,50,8.779588668248351,0.17559177336496704,0.5926074136643366,1
21.0,Ns1,1,5,10,2.876736873902953,0.2876736873902953,0.758516561968551,1
21.0,Ns2,2,5,20,4.4051340611014735,0.22025670305507367,0.663711839663982,1
21.0,Ns3,3,5,30,7.281870935004426,0.2427290311668142,0.6967482058345241,1
21.0,Ns5,5,5,50,8.883165200265173,0.17766330400530347,0.5960927847328862,1
22.0,Ns1,1,5,10,3.13415954683884,0.313415954683884,0.7917271685168875,1
22.0,Ns2,2,5,20,4.292653089433028,0.2146326544716514,0.6551834162608993,1
22.0,Ns3,3,5,30,7.426812636271867,0.24756042120906224,0.7036482376998642,1
22.0,Ns5,5,5,50,9.042396950896912,0.18084793901793822,0.601411571252064,1
23.0,Ns1,1,5,10,3.3451960788983643,0.3345196078898364,0.8179481742626931,1
23.0,Ns2,2,5,20,4.1344417572851,0.206722087864255,0.6429962486115374,1
23.0,Ns3,3,5,30,7.479637836183463,0.24932126120611545,0.7061462471841303,1
23.0,Ns5,5,5,50,9.107093659808015,0.1821418731961603,0.6035592318839308,1
24.0,Ns1,1,5,10,3.250148276621941,0.32501482766219414,0.806244166071537,1
24.0,Ns2,2,5,20,3.960375680142075,0.19801878400710377,0.629315157940922,1
24.0,Ns3,3,5,30,7.210523956764017,0.24035079855880057,0.6933264722463733,1
24.0,Ns5,5,5,50,8.846687818092452,0.17693375636184905,0.5948676430296895,1
25.0,Ns1,1,5,10,2.8803481607130155,0.28803481607130155,0.7589925112559432,1
25.0,Ns2,2,5,20,3.8004073618701453,0.19002036809350725,0.616474440822176,1
25.0,Ns3,3,5,30,6.680755522583159,0.22269185075277198,0.6673707376755021,1
25.0,Ns5,5,5,50,8.329958524941043,0.16659917049882086,0.5772333505590627,1
26.0,Ns1,1,5,10,2.4809936378860384,0.24809936378860384,0.7044137474362689,1
26.0,Ns2,2,5,20,3.6622156353439443,0.18311078176719722,0.6051624273981279,1
26.0,Ns3,3,5,30,6.143209273229983,0.20477364244099944,0.6399588149889014,1
26.0,Ns5,5,5,50,7.819423752278796,0.15638847504557593,0.5592646512083093,1
27.0,Ns1,1,5,10,2.306311735352426,0.2306311735352426,0.6791629753383831,2
27.0,Ns2,2,5,20,3.5889448095008976,0.17944724047504487,0.5990780257613275,2
27.0,Ns3,3,5,30,5.895256544853323,0.19650855149511076,0.6269107615843116,2
27.0,Ns5,5,5,50,7.622771274435642,0.15245542548871285,0.5521873332279778,2
28.0,Ns1,1,5,10,2.3144108208829555,0.23144108208829556,0.6803544401094117,2
28.0,Ns2,2,5,20,3.75354989926677,0.1876774949633385,0.6126622151942104,2
28.0,Ns3,3,5,30,6.067960720149726,0.2022653573383242,0.6360272908269333,2
28.0,Ns5,5,5,50,7.885847180683387,0.15771694361366775,0.5616350124656898,2
29.0,Ns1,1,5,10,2.313972867353298,0.23139728673532983,0.6802900656857042,2
29.0,Ns2,2,5,20,4.367039016304474,0.2183519508152237,0.6608357599513267,2
29.0,Ns3,3,5,30,6.6810118836577725,0.22270039612192574,0.6673835420834495,2
29.0,Ns5,5,5,50,8.638458676608074,0.17276917353216148,0.5878250990424984,2
30.0,Ns1,1,5,10,2.4700418568440674,0.24700418568440674,0.7028572908982402,2
30.0,Ns2,2,5,20,5.444631932685882,0.2722315966342941,0.7378774920463343,2
30.0,Ns3,3,5,30,7.914673789529949,0.26382245965099826,0.7263917120273307,2
30.0,Ns5,5,5,50,10.02948585114952,0.2005897170229904,0.6333872701957158,2
31.0,Ns1,1,5,10,2.9314407795870654,0.29314407795870656,0.7656945578475879,2
31.0,Ns2,2,5,20,6.465252237288556,0.32326261186442784,0.8040679223354552,2
31.0,Ns3,3,5,30,9.396693016875622,0.31322310056252073,0.7914835444436236,2
31.0,Ns5,5,5,50,11.628708654202434,0.23257417308404868,0.6820178488632811,2
32.0,Ns1,1,5,10,3.366600462647199,0.3366600462647199,0.8205608402363835,2
32.0,Ns2,2,5,20,7.213610061295065,0.36068050306475324,0.8493297393412681,2
32.0,Ns3,3,5,30,10.580210523942263,0.35267368413140876,0.8398496105034624,2
32.0,Ns5,5,5,50,12.89220255581478,0.2578440511162956,0.7181142682279689,2
33.0,Ns1,1,5,10,3.7331509676116714,0.37331509676116714,0.8640776547986496,2
33.0,Ns2,2,5,20,7.772020924578971,0.38860104622894853,0.8815906603735643,2
33.0,Ns3,3,5,30,11.50517189219064,0.383505729739688,0.8757919042097706,2
33.0,Ns5,5,5,50,13.88094219900605,0.277618843980121,0.7451427299251077,2
34.0,Ns1,1,5,10,4.076266945340995,0.4076266945340995,0.9029138325821567,3
34.0,Ns2,2,5,20,8.269393217128984,0.4134696608564492,0.9093620410556504,3
34.0,Ns3,3,5,30,12.34566016246998,0.41152200541566597,0.9072177306641068,3
34.0,Ns5,5,5,50,14.771048410424712,0.29542096820849423,0.7686624333327267,3
35.0,Ns1,1,5,10,4.4643623890824,0.44643623890823997,0.9449192969859807,3
35.0,Ns2,2,5,20,8.775498615831493,0.43877493079157465,0.9367763135258861,3
35.0,Ns3,3,5,30,13.239861004913891,0.4413287001637964,0.9394984834088839,3
35.0,Ns5,5,5,50,15.69991816003753,0.3139983632007506,0.7924624447893421,3
36.0,Ns1,1,5,10,5.0141906910217635,0.5014190691021764,1.0014180636499188,3
36.0,Ns2,2,5,20,9.281575463823089,0.4640787731911544,0.9634093348013132,3
36.0,Ns3,3,5,30,14.295766154844852,0.4765255384948284,0.9762433492678231,3
36.0,Ns5,5,5,50,16.7631272897715,0.33526254579543,0.8188559651067213,3
37.0,Ns1,1,5,10,5.782104190772418,0.5782104190772418,1.0753700935745254,3
37.0,Ns2,2,5,20,9.54760765979985,0.47738038298999247,0.9771186038449913,3
37.0,Ns3,3,5,30,15.329711850572268,0.5109903950190756,1.010930655405281,3
37.0,Ns5,5,5,50,17.75682785957048,0.3551365571914096,0.8427770253055188,3
38.0,Ns1,1,5,10,6.39850506452206,0.639850506452206,1.1312387073047014,3
38.0,Ns2,2,5,20,9.408594922853819,0.47042974614269095,0.9699791195099933,3
38.0,Ns3,3,5,30,15.80709998737588,0.5269033329125293,1.0265508588594423,3
38.0,Ns5,5,5,50,18.156137480598098,0.36312274961196195,0.8522003867776193,3
39.0,Ns1,1,5,10,6.5102551169897,0.6510255116989699,1.1410745038769117,3
39.0,Ns2,2,5,20,9.101125947899934,0.4550562973949967,0.9539982152970693,3
39.0,Ns3,3,5,30,15.611381064889633,0.5203793688296544,1.02017583663764,3
39.0,Ns5,5,5,50,17.876801855116703,0.35753603710233406,0.8456193435610778,3
40.0,Ns1,1,5,10,6.416474500626716,0.6416474500626717,1.1328260679051059,3
40.0,Ns2,2,5,20,8.857238800371853,0.44286194001859264,0.9411290453690107,3
40.0,Ns3,3,5,30,15.273713300998569,0.5091237766999523,1.0090825305196323,3
40.0,Ns5,5,5,50,17.462402857035705,0.3492480571407141,0.8357607996798057,3
41.0,Ns1,1,5,10,6.324942891896987,0.6324942891896987,1.1247171103790488,4
41.0,Ns2,2,5,20,8.726310224975155,0.4363155112487577,0.9341472167156071,4
41.0,Ns3,3,5,30,15.051253116872143,0.5017084372290714,1.001706980338134,4
41.0,Ns5,5,5,50,17.181356032620275,0.3436271206524055,0.8290079862732391,4
42.0,Ns1,1,5,10,6.276674220978798,0.6276674220978797,1.1204172634316911,4
42.0,Ns2,2,5,20,8.703565078215986,0.4351782539107993,0.9329289939870015,4
42.0,Ns3,3,5,30,14.980239299194784,0.49934130997315945,0.9993410928938722,4
42.0,Ns5,5,5,50,17.08479238282878,0.3416958476565756,0.8266750844879451,4
43.0,Ns1,1,5,10,6.256528286604308,0.6256528286604308,1.1186177440577552,4
43.0,Ns2,2,5,20,8.741793805251191,0.43708969026255956,0.9349756042406235,4
43.0,Ns3,3,5,30,14.998322091855501,0.4999440697285167,0.9999440681643316,4
43.0,Ns5,5,5,50,17.10203752547659,0.3420407505095318,0.8270921962024933,4
44.0,Ns1,1,5,10,6.227218752103244,0.6227218752103244,1.1159945118237136,4
44.0,Ns2,2,5,20,8.704714978996764,0.4352357489498382,0.9329906204778676,4
44.0,Ns3,3,5,30,14.931933731100008,0.4977311243700003,0.9977285446152178,4
44.0,Ns5,5,5,50,17.019589031908318,0.34039178063816633,0.8250960921470497,4
45.0,Ns1,1,5,10,6.154194521209855,0.6154194521209855,1.1094317934158777,4
45.0,Ns2,2,5,20,8.412319306844044,0.4206159653422022,0.9171869660458571,4
45.0,Ns3,3,5,30,14.5665138280539,0.48555046093513,0.9854445300828758,4
45.0,Ns5,5,5,50,16.57074683755602,0.3314149367511204,0.8141436442681603,4
46.0,Ns1,1,5,10,5.988378042564534,0.5988378042564534,1.0943836660481125,4
46.0,Ns2,2,5,20,7.803761651855342,0.3901880825927671,0.8833890225634085,4
46.0,Ns3,3,5,30,13.792139694419875,0.45973798981399583,0.958893101251642,4
46.0,Ns5,5,5,50,15.624078386311972,0.3124815677262394,0.7905460995112675,4
47.0,Ns1,1,5,10,5.581994788768687,0.5581994788768687,1.0565978221412997,4
47.0,Ns2,2,5,20,7.008419446739452,0.35042097233697256,0.8371630335089726,4
47.0,Ns3,3,5,30,12.59041423550814,0.419680474516938,0.9161664417745697,4
47.0,Ns5,5,5,50,14.188683713771018,0.2837736742754204,0.7533573843474561,4
48.0,Ns1,1,5,10,5.025554336833551,0.5025554336833551,1.002552176879942,5
48.0,Ns2,2,5,20,6.145281565493997,0.30726407827469987,0.7839184629471356,5
48.0,Ns3,3,5,30,11.17083590232755,0.37236119674425167,0.862972996963696,5
48.0,Ns5,5,5,50,12.512070111645833,0.2502414022329167,0.7074480931247418,5
49.0,Ns1,1,5,10,4.576647661070054,0.4576647661070054,0.9567285572271849,5
49.0,Ns2,2,5,20,5.395298054046156,0.2697649027023078,0.7345269262624861,5
49.0,Ns3,3,5,30,9.97194571511621,0.33239819050387365,0.8153504651422891,5
49.0,Ns5,5,5,50,11.09434003362546,0.2218868006725092,0.6661633443420754,5
50.0,Ns1,1,5,10,4.309909707872134,0.4309909707872134,0.9284298258750775,5
50.0,Ns2,2,5,20,4.981163519832812,0.2490581759916406,0.7057735840786911,5
50.0,Ns3,3,5,30,9.291073227704944,0.30970244092349813,0.7870227962689494,5
50.0,Ns5,5,5,50,10.29361504891738,0.20587230097834758,0.6416732828758691,5
51.0,Ns1,1,5,10,4.268883682372765,0.4268883682372765,0.9240003985251051,5
51.0,Ns2,2,5,20,4.932869110766874,0.24664345553834371,0.7023438695373424,5
51.0,Ns3,3,5,30,9.201752793139638,0.3067250931046546,0.7832306085753475,5
51.0,Ns5,5,5,50,10.183644748890814,0.20367289497781627,0.638236468681971,5
52.0,Ns1,1,5,10,4.344231060594003,0.4344231060594003,0.9321192048868002,5
52.0,Ns2,2,5,20,5.0669076553680155,0.2533453827684008,0.7118221445956859,5
52.0,Ns3,3,5,30,9.411138715962018,0.3137046238654006,0.7920916914920906,5
52.0,Ns5,5,5,50,10.421322743694745,0.20842645487389488,0.6456414715209904,5
53.0,Ns1,1,5,10,4.299399771706887,0.4299399771706887,0.9272971230093283,5
53.0,Ns2,2,5,20,5.048538067557241,0.25242690337786206,0.7105306515244252,5
53.0,Ns3,3,5,30,9.34793783926413,0.311597927975471,0.7894275495262006,5
53.0,Ns5,5,5,50,10.347858726828274,0.20695717453656548,0.6433617559920165,5
54.0,Ns1,1,5,10,3.9024204529239355,0.39024204529239354,0.8834501064490213,5
54.0,Ns2,2,5,20,4.580914567767177,0.22904572838835885,0.6768245391360436,5
54.0,Ns3,3,5,30,8.483335020691113,0.2827778340230371,0.75203435296938,5
54.0,Ns5,5,5,50,9.3543584823383,0.187087169646766,0.611697915063908,5
55.0,Ns1,1,5,10,3.0698240586626273,0.30698240586626274,0.7835590671624734,6
55.0,Ns2,2,5,20,3.646591809560409,0.18232959047802044,0.6038701689569049,6
55.0,Ns3,3,5,30,6.716415868223035,0.22388052894076785,0.6691495033858545,6
55.0,Ns5,5,5,50,7.346994473525033,0.14693988947050066,0.5421067966194496,6
56.0,Ns1,1,5,10,2.068484250559493,0.2068484250559493,0.6431927006052686,6
56.0,Ns2,2,5,20,2.5132380741974334,0.12566190370987168,0.501322059578215,6
56.0,Ns3,3,5,30,4.581722324756925,0.1527240774918975,0.5526736423820074,6
56.0,Ns5,5,5,50,4.96520946935131,0.09930418938702619,0.4456549997184508,6
57.0,Ns1,1,5,10,1.3026956713555613,0.13026956713555612,0.5104303422320349,6
57.0,Ns2,2,5,20,1.5769268473257767,0.07884634236628883,0.3971053824019232,6
57.0,Ns3,3,5,30,2.8796225186813382,0.09598741728937794,0.4381493290862784,6
57.0,Ns5,5,5,50,3.1000683346840368,0.06200136669368073,0.35214021836104076,6
58.0,Ns1,1,5,10,0.8563387886534277,0.08563387886534277,0.4138450890498588,6
58.0,Ns2,2,5,20,1.0054655192731197,0.05027327596365598,0.31709076291704236,6
58.0,Ns3,3,5,30,1.8618043079265474,0.06206014359755158,0.3523070921725862,6
58.0,Ns5,5,5,50,1.9980354477332765,0.03996070895466553,0.28270376352169607,6
59.0,Ns1,1,5,10,0.5810971172359585,0.058109711723595844,0.34090969984321606,6
59.0,Ns2,2,5,20,0.6510692978522289,0.03255346489261145,0.2551605960669141,6
59.0,Ns3,3,5,30,1.2321664150881875,0.041072213836272915,0.2866084919756319,6
59.0,Ns5,5,5,50,1.32184462812826,0.026436892562565203,0.22994300407955534,6
60.0,Ns1,1,5,10,0.35435157275638784,0.035435157275638784,0.2662147902564348,6
60.0,Ns2,2,5,20,0.37515372335477726,0.018757686167738864,0.19368885444309317,6
60.0,Ns3,3,5,30,0.7295052961111651,0.024316843203705505,0.22053046593931416,6
60.0,Ns5,5,5,50,0.7851625187309329,0.015703250374618657,0.1772187934425616,6
61.0,Ns1,1,5,10,0.16548769661365972,0.016548769661365974,0.18192729130818155,6
61.0,Ns2,2,5,20,0.16747329459181692,0.008373664729590845,0.1294114734449063,6
61.0,Ns3,3,5,30,0.3329609912054766,0.01109869970684922,0.14898791700570366,6
61.0,Ns5,5,5,50,0.36119091079432586,0.007223818215886517,0.120198321251892,6
62.0,Ns1,1,5,10,0.03991343673840578,0.003991343673840578,0.08934588601430485,7
62.0,Ns2,2,5,20,0.04006412058735914,0.0020032060293679573,0.0632962246799595,7
62.0,Ns3,3,5,30,0.07997755732576492,0.0026659185775254972,0.07301942998305995,7
62.0,Ns5,5,5,50,0.08750627783237605,0.001750125556647521,0.05916292008762788,7
63.0,Ns1,1,5,10,0.0,0.0,0.0,7
63.0,Ns2,2,5,20,0.0,0.0,0.0,7
63.0,Ns3,3,5,30,0.0,0.0,0.0,7
63.0,Ns5,5,5,50,0.0,0.0,0.0,7
64.0,Ns1,1,5,10,0.015393917800321094,0.0015393917800321094,0.05548678725664533,7
64.0,Ns2,2,5,20,0.017113905456240502,0.0008556952728120251,0.04136895630329644,7
64.0,Ns3,3,5,30,0.0325078232565616,0.0010835941085520532,0.04655306882584763,7
64.0,Ns5,5,5,50,0.03614246909215818,0.0007228493818431637,0.03802234558370022,7
65.0,Ns1,1,5,10,0.024899294663059762,0.002489929466305976,0.0705681155523651,7
65.0,Ns2,2,5,20,0.03001791738872265,0.0015008958694361324,0.05478860957235787,7
65.0,Ns3,3,5,30,0.05491721205178241,0.0018305737350594138,0.06050741665381879,7
65.0,Ns5,5,5,50,0.061928379745310354,0.001238567594906207,0.04977082669408269,7
66.0,Ns1,1,5,10,0.036004534306775,0.0036004534306774997,0.08485815730591255,7
66.0,Ns2,2,5,20,0.045951679170941624,0.0022975839585470813,0.0677876678835772,7
66.0,Ns3,3,5,30,0.08195621347771662,0.0027318737825905537,0.07391716691798399,7
66.0,Ns5,5,5,50,0.09261004635245304,0.0018522009270490608,0.060863797565532514,7
67.0,Ns1,1,5,10,0.10181111077029284,0.010181111077029284,0.14269625837441768,7
67.0,Ns2,2,5,20,0.13310930213534217,0.006655465106767108,0.11537300470012132,7
67.0,Ns3,3,5,30,0.234920412905635,0.007830680430187833,0.12514535892463477,7
67.0,Ns5,5,5,50,0.26007893658076353,0.00520157873161527,0.1019958698341778,7
68.0,Ns1,1,5,10,0.3894659135019486,0.03894659135019486,0.27909350171652103,8
68.0,Ns2,2,5,20,0.5315156713798879,0.026575783568994392,0.230546236442907,8
68.0,Ns3,3,5,30,0.9209815848818366,0.030699386162727885,0.2477877566092719,8
68.0,Ns5,5,5,50,1.0125121795315921,0.020250243590631843,0.2012473283829221,8
69.0,Ns1,1,5,10,1.1140291738634618,0.11140291738634618,0.47202312948910924,8
69.0,Ns2,2,5,20,1.5518091737217892,0.07759045868608946,0.3939300919861022,8
69.0,Ns3,3,5,30,2.665838347585251,0.08886127825284171,0.4215715318966443,8
69.0,Ns5,5,5,50,2.942025986456449,0.05884051972912898,0.34304670157029343,8
70.0,Ns1,1,5,10,2.405856216212157,0.24058562162121572,0.6936650800223632,8
70.0,Ns2,2,5,20,2.9887124024522196,0.14943562012261097,0.5466911744716774,8
70.0,Ns3,3,5,30,5.394568618664375,0.17981895395547917,0.599698180680047,8
70.0,Ns5,5,5,50,5.965183103051966,0.11930366206103932,0.4884744866644302,8
71.0,Ns1,1,5,10,3.793907889713134,0.3793907889713134,0.8710806954253014,8
71.0,Ns2,2,5,20,4.348347374850337,0.21741736874251685,0.6594200008227182,8
71.0,Ns3,3,5,30,8.142255264563472,0.2714085088187824,0.7367611672974933,8
71.0,Ns5,5,5,50,9.045413963497387,0.18090827926994774,0.601511893930532,8
72.0,Ns1,1,5,10,4.876009290146788,0.48760092901467883,0.9875230924030879,8
72.0,Ns2,2,5,20,5.520378223018118,0.2760189111509059,0.7429924779577595,8
72.0,Ns3,3,5,30,10.396387513164907,0.34654625043883025,0.8325217720141982,8
72.0,Ns5,5,5,50,11.666382933297736,0.23332765866595473,0.6831217441510038,8
73.0,Ns1,1,5,10,5.869492776278154,0.5869492776278153,1.0834659917393026,8
73.0,Ns2,2,5,20,6.618807047298099,0.33094035236490493,0.813560510797943,8
73.0,Ns3,3,5,30,12.488299823576254,0.4162766607858751,0.9124435991181867,8
73.0,Ns5,5,5,50,14.273128321469274,0.2854625664293855,0.7555958793288718,8
74.0,Ns1,1,5,10,6.794164869542271,0.6794164869542272,1.1656899132738752,9
74.0,Ns2,2,5,20,7.5577879875720395,0.377889399378602,0.8693553926658556,9
74.0,Ns3,3,5,30,14.351952857114311,0.47839842857047704,0.9781599343363815,9
74.0,Ns5,5,5,50,16.939660825705026,0.33879321651410055,0.8231563843087175,9
75.0,Ns1,1,5,10,7.236024090736802,0.7236024090736801,1.2029982619053778,9
75.0,Ns2,2,5,20,8.679381360481303,0.43396906802406515,0.9316319745737209,9
75.0,Ns3,3,5,30,15.915405451218103,0.5305135150406034,1.0300616632421609,9
75.0,Ns5,5,5,50,19.55606196319038,0.3911212392638076,0.8844447289274866,9
76.0,Ns1,1,5,10,7.178737337819463,0.7178737337819463,1.1982268013877393,9
76.0,Ns2,2,5,20,10.85282426036443,0.5426412130182215,1.041768892814737,9
76.0,Ns3,3,5,30,18.031561598183888,0.6010520532727963,1.0964050832359327,9
76.0,Ns5,5,5,50,22.839102509478494,0.45678205018956985,0.9558054720387092,9
77.0,Ns1,1,5,10,7.669090984869262,0.7669090984869262,1.2384741406157225,9
77.0,Ns2,2,5,20,13.336883209358188,0.6668441604679094,1.1548542422902637,9
77.0,Ns3,3,5,30,21.005974194227445,0.7001991398075815,1.1833842485072898,9
77.0,Ns5,5,5,50,26.857167687008783,0.5371433537401756,1.0364780303896226,9
78.0,Ns1,1,5,10,8.541495285458984,0.8541495285458984,1.3070191494740224,9
78.0,Ns2,2,5,20,14.65150343566417,0.7325751717832085,1.2104339484525444,9
78.0,Ns3,3,5,30,23.192998721123153,0.7730999573707718,1.243462872281092,9
78.0,Ns5,5,5,50,29.724075219458314,0.5944815043891662,1.0903958037237362,9
79.0,Ns1,1,5,10,9.208553041611024,0.9208553041611024,1.3570963887367047,9
79.0,Ns2,2,5,20,15.723894391696792,0.7861947195848396,1.2539495361336035,9
79.0,Ns3,3,5,30,24.932447433307814,0.8310815811102604,1.28924906911757,9
79.0,Ns5,5,5,50,31.776472187382325,0.6355294437476465,1.127412474427746,9
80.0,Ns1,1,5,10,10.827853323784243,1.0827853323784242,1.471587803957633,10
80.0,Ns2,2,5,20,17.163496008902193,0.8581748004451096,1.3100952640515189,10
80.0,Ns3,3,5,30,27.991349332686436,0.9330449777562145,1.3660490311524067,10
80.0,Ns5,5,5,50,34.729158139638564,0.6945831627927713,1.178629002521804,10
81.0,Ns1,1,5,10,9.607496719312143,0.9607496719312143,1.3861815695869097,10
81.0,Ns2,2,5,20,14.908761919851152,0.7454380959925576,1.2210144110472714,10
81.0,Ns3,3,5,30,24.516258639163297,0.8172086213054433,1.2784432887738457,10
81.0,Ns5,5,5,50,30.134378289721973,0.6026875657944395,1.0978957744653537,10
82.0,Ns1,1,5,10,5.824877533581829,0.5824877533581829,1.079340310891966,10
82.0,Ns2,2,5,20,7.530797732423288,0.3765398866211644,0.867801690043485,10
82.0,Ns3,3,5,30,13.355675266005118,0.44518917553350396,0.9435986175631077,10
82.0,Ns5,5,5,50,15.696969733471343,0.3139393946694269,0.7923880295277395,10
83.0,Ns1,1,5,10,0.523072105187671,0.0523072105187671,0.32344152645808205,10
83.0,Ns2,2,5,20,0.956314987568705,0.04781574937843525,0.30924342960986334,10
83.0,Ns3,3,5,30,1.4793870927563761,0.049312903091879204,0.31404745848957033,10
83.0,Ns5,5,5,50,1.9085788274375115,0.03817157654875023,0.2763026476483721,10
84.0,Ns1,1,5,10,1.718299699707074,0.1718299699707074,0.5862251614707568,10
84.0,Ns2,2,5,20,2.202143909291882,0.1101071954645941,0.4692700618292075,10
84.0,Ns3,3,5,30,3.9204436089989567,0.13068145363329856,0.5112366450740764,10
84.0,Ns5,5,5,50,4.440385863820325,0.08880771727640649,0.42144446200278035,10
85.0,Ns1,1,5,10,3.5438209695359224,0.35438209695359224,0.8418813419402906,10
85.0,Ns2,2,5,20,4.691451869435212,0.23457259347176057,0.684941739816987,10
85.0,Ns3,3,5,30,8.235272838971134,0.27450909463237116,0.7409576163754188,10
85.0,Ns5,5,5,50,9.678428434104339,0.19356856868208677,0.6222034533528189,10
