alpha_deg,case,x,y,objective,objective_per_scalar,residual_rms,worker
35.0,center,1.0,0.0,4.4643623890824,0.44643623890823997,0.9449192969859807,1
35.0,off_center,1.0,-1.0,0.42240850936087415,0.04224085093608741,0.2906573616342356,1
36.0,center,1.0,0.0,5.0141906910217635,0.5014190691021764,1.0014180636499188,1
36.0,off_center,1.0,-1.0,0.42562824139439215,0.042562824139439216,0.2917630001883008,1
37.0,center,1.0,0.0,5.782104190772418,0.5782104190772418,1.0753700935745254,1
37.0,off_center,1.0,-1.0,0.4184249457697239,0.04184249457697239,0.28928357912945,1
38.0,center,1.0,0.0,6.39850506452206,0.639850506452206,1.1312387073047014,1
38.0,off_center,1.0,-1.0,0.40234580197975844,0.04023458019797584,0.28367086631508653,1
39.0,center,1.0,0.0,6.5102551169897,0.6510255116989699,1.1410745038769117,1
39.0,off_center,1.0,-1.0,0.38450542288713024,0.03845054228871302,0.2773104480134603,1
40.0,center,1.0,0.0,6.416474500626716,0.6416474500626717,1.1328260679051059,1
40.0,off_center,1.0,-1.0,0.36764579440729805,0.036764579440729805,0.271162605979253,1
41.0,center,1.0,0.0,6.324942891896987,0.6324942891896987,1.1247171103790488,1
41.0,off_center,1.0,-1.0,0.3540124834300339,0.035401248343003386,0.2660873854319418,1
42.0,center,1.0,0.0,6.276674220978798,0.6276674220978797,1.1204172634316911,1
42.0,off_center,1.0,-1.0,0.3465864833376854,0.03465864833376854,0.26328178187549756,1
43.0,center,1.0,0.0,6.256528286604308,0.6256528286604308,1.1186177440577552,1
43.0,off_center,1.0,-1.0,0.34353364394050423,0.03435336439405042,0.2621196840912579,1
44.0,center,1.0,0.0,6.227218752103244,0.6227218752103244,1.1159945118237136,1
44.0,off_center,1.0,-1.0,0.3368913457986389,0.03368913457986389,0.25957324430635714,1
45.0,center,1.0,0.0,6.154194521209855,0.6154194521209855,1.1094317934158777,2
45.0,off_center,1.0,-1.0,0.31680391826771037,0.031680391826771036,0.251715680190055,2
46.0,center,1.0,0.0,5.988378042564534,0.5988378042564534,1.0943836660481125,2
46.0,off_center,1.0,-1.0,0.28046421279598455,0.028046421279598454,0.23683927579520445,2
47.0,center,1.0,0.0,5.581994788768687,0.5581994788768687,1.0565978221412997,2
47.0,off_center,1.0,-1.0,0.23586801395396143,0.023586801395396144,0.21719484982566298,2
48.0,center,1.0,0.0,5.025554336833551,0.5025554336833551,1.002552176879942,2
48.0,off_center,1.0,-1.0,0.19295187105139183,0.019295187105139184,0.19644432852662957,2
49.0,center,1.0,0.0,4.576647661070054,0.4576647661070054,0.9567285572271849,2
49.0,off_center,1.0,-1.0,0.16045828344518503,0.016045828344518502,0.17914144324816914,2
50.0,center,1.0,0.0,4.309909707872134,0.4309909707872134,0.9284298258750775,2
50.0,off_center,1.0,-1.0,0.14364370601361404,0.014364370601361403,0.1694955492121336,2
51.0,center,1.0,0.0,4.268883682372765,0.4268883682372765,0.9240003985251051,2
51.0,off_center,1.0,-1.0,0.14073341478449622,0.014073341478449622,0.16776973194500622,2
52.0,center,1.0,0.0,4.344231060594003,0.4344231060594003,0.9321192048868002,2
52.0,off_center,1.0,-1.0,0.14415793957757989,0.014415793957757989,0.16979866876838576,2
53.0,center,1.0,0.0,4.299399771706887,0.4299399771706887,0.9272971230093283,2
53.0,off_center,1.0,-1.0,0.1414029061331787,0.014140290613317872,0.16816831219535905,2
54.0,center,1.0,0.0,3.9024204529239355,0.39024204529239354,0.8834501064490213,3
54.0,off_center,1.0,-1.0,0.12235594654821473,0.012235594654821474,0.15643269897832404,3
55.0,center,1.0,0.0,3.0698240586626273,0.30698240586626274,0.7835590671624734,3
55.0,off_center,1.0,-1.0,0.09066163997868587,0.009066163997868587,0.13465633292102222,3
56.0,center,1.0,0.0,2.068484250559493,0.2068484250559493,0.6431927006052686,3
56.0,off_center,1.0,-1.0,0.05980286784103164,0.005980286784103164,0.10936440722742627,3
57.0,center,1.0,0.0,1.3026956713555613,0.13026956713555612,0.5104303422320349,3
57.0,off_center,1.0,-1.0,0.03836617506494622,0.003836617506494622,0.08759700344754519,3
58.0,center,1.0,0.0,0.8563387886534277,0.08563387886534277,0.4138450890498588,3
58.0,off_center,1.0,-1.0,0.02575696656914253,0.002575696656914253,0.07177320749296709,3
59.0,center,1.0,0.0,0.5810971172359585,0.058109711723595844,0.34090969984321606,3
59.0,off_center,1.0,-1.0,0.017564849464762555,0.0017564849464762554,0.059270312070652295,3
60.0,center,1.0,0.0,0.35435157275638784,0.035435157275638784,0.2662147902564348,3
60.0,off_center,1.0,-1.0,0.010583220542349392,0.0010583220542349392,0.04600700064631336,3
61.0,center,1.0,0.0,0.16548769661365972,0.016548769661365974,0.18192729130818155,3
61.0,off_center,1.0,-1.0,0.004863914544632197,0.00048639145446321974,0.03118946791669328,3
62.0,center,1.0,0.0,0.03991343673840578,0.003991343673840578,0.08934588601430485,3
62.0,off_center,1.0,-1.0,0.001190531954887275,0.0001190531954887275,0.015430696386665606,3
63.0,center,1.0,0.0,0.0,0.0,0.0,4
63.0,off_center,1.0,-1.0,0.0,0.0,0.0,4
64.0,center,1.0,0.0,0.015393917800321094,0.0015393917800321094,0.05548678725664533,4
64.0,off_center,1.0,-1.0,0.0005868184633761597,5.868184633761597e-05,0.010833452481791387,4
65.0,center,1.0,0.0,0.024899294663059762,0.002489929466305976,0.0705681155523651,4
65.0,off_center,1.0,-1.0,0.0012421823094073137,0.00012421823094073138,0.015761867334851628,4
66.0,center,1.0,0.0,0.036004534306775,0.0036004534306774997,0.08485815730591255,4
66.0,off_center,1.0,-1.0,0.0021744948504738293,0.00021744948504738294,0.020854231467372895,4
67.0,center,1.0,0.0,0.10181111077029284,0.010181111077029284,0.14269625837441768,4
67.0,off_center,1.0,-1.0,0.005872693654679795,0.0005872693654679795,0.03427154404073384,4
68.0,center,1.0,0.0,0.3894659135019486,0.03894659135019486,0.27909350171652103,4
68.0,off_center,1.0,-1.0,0.021078292471338522,0.0021078292471338523,0.06492810250013244,4
69.0,center,1.0,0.0,1.1140291738634618,0.11140291738634618,0.47202312948910924,4
69.0,off_center,1.0,-1.0,0.06300988237533263,0.006300988237533263,0.11225852517767426,4
70.0,center,1.0,0.0,2.405856216212157,0.24058562162121572,0.6936650800223632,4
70.0,off_center,1.0,-1.0,0.13615135030817715,0.013615135030817715,0.16501596911097857,4
71.0,center,1.0,0.0,3.793907889713134,0.3793907889713134,0.8710806954253014,4
71.0,off_center,1.0,-1.0,0.2290603533679213,0.02290603533679213,0.21403754500924427,4
72.0,center,1.0,0.0,4.876009290146788,0.48760092901467883,0.9875230924030879,5
72.0,off_center,1.0,-1.0,0.3345637859772782,0.03345637859772782,0.2586750030355767,5
73.0,center,1.0,0.0,5.869492776278154,0.5869492776278153,1.0834659917393026,5
73.0,off_center,1.0,-1.0,0.46889425226549897,0.046889425226549895,0.30623332681649756,5
74.0,center,1.0,0.0,6.794164869542271,0.6794164869542272,1.1656899132738752,5
74.0,off_center,1.0,-1.0,0.6395812635548418,0.06395812635548417,0.35765381685502584,5
75.0,center,1.0,0.0,7.236024090736802,0.7236024090736801,1.2029982619053778,5
75.0,off_center,1.0,-1.0,0.8178398716746377,0.08178398716746377,0.40443537720497147,5
76.0,center,1.0,0.0,7.178737337819463,0.7178737337819463,1.1982268013877393,5
76.0,off_center,1.0,-1.0,0.9903721758750831,0.0990372175875083,0.4450555416743135,5
77.0,center,1.0,0.0,7.669090984869262,0.7669090984869262,1.2384741406157225,5
77.0,off_center,1.0,-1.0,1.148782950856475,0.11487829508564751,0.47932931286464736,5
78.0,center,1.0,0.0,8.541495285458984,0.8541495285458984,1.3070191494740224,5
78.0,off_center,1.0,-1.0,1.2742811447868156,0.12742811447868158,0.5048328723026693,5
79.0,center,1.0,0.0,9.208553041611024,0.9208553041611024,1.3570963887367047,5
79.0,off_center,1.0,-1.0,1.309316994422653,0.1309316994422653,0.5117259021043693,5
80.0,center,1.0,0.0,10.827853323784243,1.0827853323784242,1.471587803957633,5
80.0,off_center,1.0,-1.0,1.1996889524528132,0.11996889524528132,0.4898344521270045,5
